434;La Defense;RER A
435;Charles de Gaulle-Etoile;RER A
436;Auber;RER A
437;Chatelet;RER A
438;Gare de Lyon;RER A
439;Nation;RER A
440;Vincennes;RER A
441;Aulnay sous-Bois;RER B
442;Le Blanc Mesnil;RER B
443;Drancy;RER B
444;Le Bourget;RER B
445;La Courneuve-Aubervilliers;RER B
446;La Plaine-Stade de France;RER B
447;Gare du Nord;RER B
448;Chatelet;RER B
449;Saint-Michel-Notre-Dame;RER B
450;Luxembourg;RER B
451;Port-Royal;RER B
452;Denfert-Rochereau;RER B
453;Cite Universitaire;RER B
454;Gentilly;RER B
455;Laplace;RER B
456;Arcueil-Cachan;RER B
479;Garges Sarcelles;RER D
480;Pierrefitte-Stains;RER D
481;Saint-Denis;RER D
482;Stade de France - Saint-Denis;RER D
483;Gare du Nord;RER D
484;Chatelet;RER D
485;Gare de Lyon;RER D
486;Maisons-Alfort Alforville;RER D
487;Haussmann Saint-Lazare;RER E
488;Magenta;RER E
489;Pantin;RER E
490;Noisy-Le-Sec;RER E
491;Bondy;RER E